id,text
1,Embeddings convert text into numerical representations.
2,Databases store and retrieve structured information.
3,Databases store and retrieve structured information.
4,Data pipelines automate data processing workflows.
5,Vector databases are optimized for similarity search.
6,Machine learning is a branch of artificial intelligence.
7,Machine learning is a branch of artificial intelligence.
8,Natural language processing helps computers understand text.
9,Large language models can generate human-like text.
10,     Cybersecurity protects systems from digital threats.     
11,Python is widely used in data science and AI.
12,Data structures organize and store information efficiently.
13,Machine learning is a branch of artificial intelligence.
14,Machine learning is a branch of artificial intelligence.
15,
16,Computer vision enables machines to analyze images.
17,Python is widely used in data science and AI.
18,Python is widely used in data science and AI.
19,Embeddings convert text into numerical representations.
20,     Cloud computing provides scalable computing resources.     
21,Machine learning is a branch of artificial intelligence.
22,Operating systems manage hardware and software resources.
23,Large language models can generate human-like text.
24,Data structures organize and store information efficiently.
25,Data pipelines automate data processing workflows.
26,Databases store and retrieve structured information.
27,Data structures organize and store information efficiently.
28,Machine learning is a branch of artificial intelligence.
29,Deep learning uses neural networks with many layers.
30,
31,Cloud computing provides scalable computing resources.
32,Large language models can generate human-like text.
33,Computer vision enables machines to analyze images.
34,Large language models can generate human-like text.
35,Machine learning is a branch of artificial intelligence.
36,Python is widely used in data science and AI.
37,Natural language processing helps computers understand text.
38,Data structures organize and store information efficiently.
39,Cloud computing provides scalable computing resources.
40,     Vector databases are optimized for similarity search.     
41,Data pipelines automate data processing workflows.
42,Machine learning is a branch of artificial intelligence.
43,Large language models can generate human-like text.
44,Operating systems manage hardware and software resources.
45,
46,Cloud computing provides scalable computing resources.
47,Cybersecurity protects systems from digital threats.
48,Python is widely used in data science and AI.
49,Machine learning is a branch of artificial intelligence.
50,     Vector databases are optimized for similarity search.     
51,Natural language processing helps computers understand text.
52,Deep learning uses neural networks with many layers.
53,Cybersecurity protects systems from digital threats.
54,Operating systems manage hardware and software resources.
55,Embeddings convert text into numerical representations.
56,Machine learning is a branch of artificial intelligence.
57,Embeddings convert text into numerical representations.
58,Databases store and retrieve structured information.
59,Computer vision enables machines to analyze images.
60,
61,Natural language processing helps computers understand text.
62,Cloud computing provides scalable computing resources.
63,Machine learning is a branch of artificial intelligence.
64,Embeddings convert text into numerical representations.
65,Databases store and retrieve structured information.
66,Computer vision enables machines to analyze images.
67,Deep learning uses neural networks with many layers.
68,Natural language processing helps computers understand text.
69,Data pipelines automate data processing workflows.
70,     Operating systems manage hardware and software resources.     
71,Cybersecurity protects systems from digital threats.
72,Embeddings convert text into numerical representations.
73,Vector databases are optimized for similarity search.
74,Natural language processing helps computers understand text.
75,
76,Python is widely used in data science and AI.
77,Machine learning is a branch of artificial intelligence.
78,Data structures organize and store information efficiently.
79,Machine learning is a branch of artificial intelligence.
80,     Python is widely used in data science and AI.     
81,Data pipelines automate data processing workflows.
82,Large language models can generate human-like text.
83,Cloud computing provides scalable computing resources.
84,Machine learning is a branch of artificial intelligence.
85,Transformers revolutionized natural language processing.
86,Python is widely used in data science and AI.
87,Cloud computing provides scalable computing resources.
88,Databases store and retrieve structured information.
89,Python is widely used in data science and AI.
90,
91,Machine learning is a branch of artificial intelligence.
92,Vector databases are optimized for similarity search.
93,Large language models can generate human-like text.
94,Data pipelines automate data processing workflows.
95,Natural language processing helps computers understand text.
96,Computer vision enables machines to analyze images.
97,Data pipelines automate data processing workflows.
98,Machine learning is a branch of artificial intelligence.
99,Operating systems manage hardware and software resources.
100,     Natural language processing helps computers understand text.     
101,Cloud computing provides scalable computing resources.
102,Data structures organize and store information efficiently.
103,Data structures organize and store information efficiently.
104,Databases store and retrieve structured information.
105,
106,Databases store and retrieve structured information.
107,Large language models can generate human-like text.
108,Deep learning uses neural networks with many layers.
109,Operating systems manage hardware and software resources.
110,     Embeddings convert text into numerical representations.     
111,Vector databases are optimized for similarity search.
112,Machine learning is a branch of artificial intelligence.
113,Operating systems manage hardware and software resources.
114,Natural language processing helps computers understand text.
115,Deep learning uses neural networks with many layers.
116,Computer vision enables machines to analyze images.
117,Databases store and retrieve structured information.
118,Operating systems manage hardware and software resources.
119,Machine learning is a branch of artificial intelligence.
120,
121,Deep learning uses neural networks with many layers.
122,Embeddings convert text into numerical representations.
123,Embeddings convert text into numerical representations.
124,Large language models can generate human-like text.
125,Machine learning is a branch of artificial intelligence.
126,Machine learning is a branch of artificial intelligence.
127,Transformers revolutionized natural language processing.
128,Databases store and retrieve structured information.
129,Data structures organize and store information efficiently.
130,     Cloud computing provides scalable computing resources.     
131,Machine learning is a branch of artificial intelligence.
132,Large language models can generate human-like text.
133,Machine learning is a branch of artificial intelligence.
134,Operating systems manage hardware and software resources.
135,
136,Data structures organize and store information efficiently.
137,Operating systems manage hardware and software resources.
138,Python is widely used in data science and AI.
139,Data structures organize and store information efficiently.
140,     Vector databases are optimized for similarity search.     
141,Cloud computing provides scalable computing resources.
142,Large language models can generate human-like text.
143,Computer vision enables machines to analyze images.
144,Operating systems manage hardware and software resources.
145,Operating systems manage hardware and software resources.
146,Computer vision enables machines to analyze images.
147,Machine learning is a branch of artificial intelligence.
148,Data pipelines automate data processing workflows.
149,Transformers revolutionized natural language processing.
150,
151,Vector databases are optimized for similarity search.
152,Operating systems manage hardware and software resources.
153,Data pipelines automate data processing workflows.
154,Machine learning is a branch of artificial intelligence.
155,Cloud computing provides scalable computing resources.
156,Natural language processing helps computers understand text.
157,Cybersecurity protects systems from digital threats.
158,Data structures organize and store information efficiently.
159,Natural language processing helps computers understand text.
160,     Cloud computing provides scalable computing resources.     
161,Machine learning is a branch of artificial intelligence.
162,Computer vision enables machines to analyze images.
163,Cloud computing provides scalable computing resources.
164,Natural language processing helps computers understand text.
165,
166,Cybersecurity protects systems from digital threats.
167,Large language models can generate human-like text.
168,Machine learning is a branch of artificial intelligence.
169,Python is widely used in data science and AI.
170,     Natural language processing helps computers understand text.     
171,Cloud computing provides scalable computing resources.
172,Machine learning is a branch of artificial intelligence.
173,Computer vision enables machines to analyze images.
174,Data pipelines automate data processing workflows.
175,Machine learning is a branch of artificial intelligence.
176,Deep learning uses neural networks with many layers.
177,Data pipelines automate data processing workflows.
178,Data pipelines automate data processing workflows.
179,Large language models can generate human-like text.
180,
181,Transformers revolutionized natural language processing.
182,Machine learning is a branch of artificial intelligence.
183,Deep learning uses neural networks with many layers.
184,Python is widely used in data science and AI.
185,Python is widely used in data science and AI.
186,Data structures organize and store information efficiently.
187,Data pipelines automate data processing workflows.
188,Cybersecurity protects systems from digital threats.
189,Machine learning is a branch of artificial intelligence.
190,     Large language models can generate human-like text.     
191,Vector databases are optimized for similarity search.
192,Cybersecurity protects systems from digital threats.
193,Large language models can generate human-like text.
194,Cloud computing provides scalable computing resources.
195,
196,Machine learning is a branch of artificial intelligence.
197,Operating systems manage hardware and software resources.
198,Computer vision enables machines to analyze images.
199,Cloud computing provides scalable computing resources.
200,     Cloud computing provides scalable computing resources.     
201,Data pipelines automate data processing workflows.
202,Embeddings convert text into numerical representations.
203,Machine learning is a branch of artificial intelligence.
204,Transformers revolutionized natural language processing.
205,Deep learning uses neural networks with many layers.
206,Databases store and retrieve structured information.
207,Transformers revolutionized natural language processing.
208,Natural language processing helps computers understand text.
209,Large language models can generate human-like text.
210,
211,Machine learning is a branch of artificial intelligence.
212,Data pipelines automate data processing workflows.
213,Vector databases are optimized for similarity search.
214,Embeddings convert text into numerical representations.
215,Vector databases are optimized for similarity search.
216,Vector databases are optimized for similarity search.
217,Machine learning is a branch of artificial intelligence.
218,Operating systems manage hardware and software resources.
219,Data pipelines automate data processing workflows.
220,     Operating systems manage hardware and software resources.     
221,Python is widely used in data science and AI.
222,Cloud computing provides scalable computing resources.
223,Data structures organize and store information efficiently.
224,Machine learning is a branch of artificial intelligence.
225,
226,Databases store and retrieve structured information.
227,Computer vision enables machines to analyze images.
228,Machine learning is a branch of artificial intelligence.
229,Large language models can generate human-like text.
230,     Python is widely used in data science and AI.     
231,Machine learning is a branch of artificial intelligence.
232,Vector databases are optimized for similarity search.
233,Cloud computing provides scalable computing resources.
234,Natural language processing helps computers understand text.
235,Natural language processing helps computers understand text.
236,Data structures organize and store information efficiently.
237,Large language models can generate human-like text.
238,Machine learning is a branch of artificial intelligence.
239,Cybersecurity protects systems from digital threats.
240,
241,Large language models can generate human-like text.
242,Natural language processing helps computers understand text.
243,Natural language processing helps computers understand text.
244,Deep learning uses neural networks with many layers.
245,Machine learning is a branch of artificial intelligence.
246,Operating systems manage hardware and software resources.
247,Computer vision enables machines to analyze images.
248,Large language models can generate human-like text.
249,Cloud computing provides scalable computing resources.
250,     Cloud computing provides scalable computing resources.     
251,Operating systems manage hardware and software resources.
252,Machine learning is a branch of artificial intelligence.
253,Deep learning uses neural networks with many layers.
254,Transformers revolutionized natural language processing.
255,
256,Deep learning uses neural networks with many layers.
257,Python is widely used in data science and AI.
258,Data pipelines automate data processing workflows.
259,Machine learning is a branch of artificial intelligence.
260,     Transformers revolutionized natural language processing.     
261,Data pipelines automate data processing workflows.
262,Data pipelines automate data processing workflows.
263,Machine learning is a branch of artificial intelligence.
264,Natural language processing helps computers understand text.
265,Deep learning uses neural networks with many layers.
266,Machine learning is a branch of artificial intelligence.
267,Transformers revolutionized natural language processing.
268,Machine learning is a branch of artificial intelligence.
269,Vector databases are optimized for similarity search.
270,
271,Computer vision enables machines to analyze images.
272,Large language models can generate human-like text.
273,Machine learning is a branch of artificial intelligence.
274,Vector databases are optimized for similarity search.
275,Transformers revolutionized natural language processing.
276,Cybersecurity protects systems from digital threats.
277,Vector databases are optimized for similarity search.
278,Natural language processing helps computers understand text.
279,Deep learning uses neural networks with many layers.
280,     Machine learning is a branch of artificial intelligence.     
281,Python is widely used in data science and AI.
282,Operating systems manage hardware and software resources.
283,Embeddings convert text into numerical representations.
284,Natural language processing helps computers understand text.
285,
286,Large language models can generate human-like text.
287,Machine learning is a branch of artificial intelligence.
288,Large language models can generate human-like text.
289,Python is widely used in data science and AI.
290,     Cloud computing provides scalable computing resources.     
291,Python is widely used in data science and AI.
292,Data structures organize and store information efficiently.
293,Natural language processing helps computers understand text.
294,Machine learning is a branch of artificial intelligence.
295,Cloud computing provides scalable computing resources.
296,Data pipelines automate data processing workflows.
297,Data structures organize and store information efficiently.
298,Vector databases are optimized for similarity search.
299,Machine learning is a branch of artificial intelligence.
300,
301,Machine learning is a branch of artificial intelligence.
302,Machine learning is a branch of artificial intelligence.
303,Operating systems manage hardware and software resources.
304,Cloud computing provides scalable computing resources.
305,Transformers revolutionized natural language processing.
306,Machine learning is a branch of artificial intelligence.
307,Embeddings convert text into numerical representations.
308,Machine learning is a branch of artificial intelligence.
309,Cybersecurity protects systems from digital threats.
310,     Databases store and retrieve structured information.     
311,Machine learning is a branch of artificial intelligence.
312,Natural language processing helps computers understand text.
313,Data structures organize and store information efficiently.
314,Embeddings convert text into numerical representations.
315,
316,Embeddings convert text into numerical representations.
317,Vector databases are optimized for similarity search.
318,Machine learning is a branch of artificial intelligence.
319,Data pipelines automate data processing workflows.
320,     Deep learning uses neural networks with many layers.     
321,Vector databases are optimized for similarity search.
322,Machine learning is a branch of artificial intelligence.
323,Natural language processing helps computers understand text.
324,Data pipelines automate data processing workflows.
325,Databases store and retrieve structured information.
326,Large language models can generate human-like text.
327,Natural language processing helps computers understand text.
328,Transformers revolutionized natural language processing.
329,Machine learning is a branch of artificial intelligence.
330,
331,Transformers revolutionized natural language processing.
332,Databases store and retrieve structured information.
333,Machine learning is a branch of artificial intelligence.
334,Vector databases are optimized for similarity search.
335,Vector databases are optimized for similarity search.
336,Machine learning is a branch of artificial intelligence.
337,Natural language processing helps computers understand text.
338,Deep learning uses neural networks with many layers.
339,Machine learning is a branch of artificial intelligence.
340,     Databases store and retrieve structured information.     
341,Large language models can generate human-like text.
342,Data pipelines automate data processing workflows.
343,Machine learning is a branch of artificial intelligence.
344,Vector databases are optimized for similarity search.
345,
346,Cybersecurity protects systems from digital threats.
347,Transformers revolutionized natural language processing.
348,Embeddings convert text into numerical representations.
349,Deep learning uses neural networks with many layers.
350,     Vector databases are optimized for similarity search.     
351,Vector databases are optimized for similarity search.
352,Python is widely used in data science and AI.
353,Operating systems manage hardware and software resources.
354,Databases store and retrieve structured information.
355,Deep learning uses neural networks with many layers.
356,Natural language processing helps computers understand text.
357,Machine learning is a branch of artificial intelligence.
358,Python is widely used in data science and AI.
359,Deep learning uses neural networks with many layers.
360,
361,Python is widely used in data science and AI.
362,Transformers revolutionized natural language processing.
363,Deep learning uses neural networks with many layers.
364,Machine learning is a branch of artificial intelligence.
365,Cybersecurity protects systems from digital threats.
366,Embeddings convert text into numerical representations.
367,Computer vision enables machines to analyze images.
368,Embeddings convert text into numerical representations.
369,Python is widely used in data science and AI.
370,     Large language models can generate human-like text.     
371,Machine learning is a branch of artificial intelligence.
372,Vector databases are optimized for similarity search.
373,Cybersecurity protects systems from digital threats.
374,Machine learning is a branch of artificial intelligence.
375,
376,Operating systems manage hardware and software resources.
377,Computer vision enables machines to analyze images.
378,Machine learning is a branch of artificial intelligence.
379,Data pipelines automate data processing workflows.
380,     Natural language processing helps computers understand text.     
381,Embeddings convert text into numerical representations.
382,Computer vision enables machines to analyze images.
383,Natural language processing helps computers understand text.
384,Cybersecurity protects systems from digital threats.
385,Machine learning is a branch of artificial intelligence.
386,Deep learning uses neural networks with many layers.
387,Python is widely used in data science and AI.
388,Transformers revolutionized natural language processing.
389,Databases store and retrieve structured information.
390,
391,Python is widely used in data science and AI.
392,Machine learning is a branch of artificial intelligence.
393,Cybersecurity protects systems from digital threats.
394,Databases store and retrieve structured information.
395,Deep learning uses neural networks with many layers.
396,Python is widely used in data science and AI.
397,Natural language processing helps computers understand text.
398,Vector databases are optimized for similarity search.
399,Machine learning is a branch of artificial intelligence.
400,     Operating systems manage hardware and software resources.     
401,Deep learning uses neural networks with many layers.
402,Cybersecurity protects systems from digital threats.
403,Operating systems manage hardware and software resources.
404,Operating systems manage hardware and software resources.
405,
406,Machine learning is a branch of artificial intelligence.
407,Data structures organize and store information efficiently.
408,Operating systems manage hardware and software resources.
409,Cloud computing provides scalable computing resources.
410,     Cybersecurity protects systems from digital threats.     
411,Python is widely used in data science and AI.
412,Embeddings convert text into numerical representations.
413,Machine learning is a branch of artificial intelligence.
414,Data structures organize and store information efficiently.
415,Data pipelines automate data processing workflows.
416,Cybersecurity protects systems from digital threats.
417,Cybersecurity protects systems from digital threats.
418,Python is widely used in data science and AI.
419,Cloud computing provides scalable computing resources.
420,
421,Embeddings convert text into numerical representations.
422,Cloud computing provides scalable computing resources.
423,Data structures organize and store information efficiently.
424,Machine learning is a branch of artificial intelligence.
425,Data pipelines automate data processing workflows.
426,Vector databases are optimized for similarity search.
427,Machine learning is a branch of artificial intelligence.
428,Cloud computing provides scalable computing resources.
429,Computer vision enables machines to analyze images.
430,     Deep learning uses neural networks with many layers.     
431,Vector databases are optimized for similarity search.
432,Operating systems manage hardware and software resources.
433,Computer vision enables machines to analyze images.
434,Machine learning is a branch of artificial intelligence.
435,
436,Transformers revolutionized natural language processing.
437,Computer vision enables machines to analyze images.
438,Large language models can generate human-like text.
439,Computer vision enables machines to analyze images.
440,     Natural language processing helps computers understand text.     
441,Machine learning is a branch of artificial intelligence.
442,Cloud computing provides scalable computing resources.
443,Databases store and retrieve structured information.
444,Data pipelines automate data processing workflows.
445,Cloud computing provides scalable computing resources.
446,Operating systems manage hardware and software resources.
447,Embeddings convert text into numerical representations.
448,Machine learning is a branch of artificial intelligence.
449,Databases store and retrieve structured information.
450,
451,Embeddings convert text into numerical representations.
452,Large language models can generate human-like text.
453,Transformers revolutionized natural language processing.
454,Data pipelines automate data processing workflows.
455,Machine learning is a branch of artificial intelligence.
456,Deep learning uses neural networks with many layers.
457,Natural language processing helps computers understand text.
458,Python is widely used in data science and AI.
459,Large language models can generate human-like text.
460,     Embeddings convert text into numerical representations.     
461,Operating systems manage hardware and software resources.
462,Machine learning is a branch of artificial intelligence.
463,Natural language processing helps computers understand text.
464,Databases store and retrieve structured information.
465,
466,Embeddings convert text into numerical representations.
467,Operating systems manage hardware and software resources.
468,Vector databases are optimized for similarity search.
469,Machine learning is a branch of artificial intelligence.
470,     Vector databases are optimized for similarity search.     
471,Natural language processing helps computers understand text.
472,Vector databases are optimized for similarity search.
473,Cybersecurity protects systems from digital threats.
474,Machine learning is a branch of artificial intelligence.
475,Data pipelines automate data processing workflows.
476,Machine learning is a branch of artificial intelligence.
477,Large language models can generate human-like text.
478,Large language models can generate human-like text.
479,Natural language processing helps computers understand text.
480,
481,Machine learning is a branch of artificial intelligence.
482,Natural language processing helps computers understand text.
483,Machine learning is a branch of artificial intelligence.
484,Cloud computing provides scalable computing resources.
485,Large language models can generate human-like text.
486,Large language models can generate human-like text.
487,Transformers revolutionized natural language processing.
488,Data pipelines automate data processing workflows.
489,Machine learning is a branch of artificial intelligence.
490,     Databases store and retrieve structured information.     
491,Embeddings convert text into numerical representations.
492,Embeddings convert text into numerical representations.
493,Python is widely used in data science and AI.
494,Operating systems manage hardware and software resources.
495,
496,Machine learning is a branch of artificial intelligence.
497,Machine learning is a branch of artificial intelligence.
498,Transformers revolutionized natural language processing.
499,Operating systems manage hardware and software resources.
500,     Natural language processing helps computers understand text.     
